sentence,label
This study exposes limitations in widely adopted frameworks.,critical
The findings reveal a significant limitation in the current model.,critical
We observed an unexpected trend contradicting earlier studies.,critical
The experiments were repeated five times for consistency.,descriptive
This section outlines the methodology used in our experiments.,descriptive
This work offers a novel perspective on the underlying mechanism.,critical
"The results are presented as precision, recall, and F1-score.",descriptive
Our analysis suggests an alternative explanation.,critical
The evidence supports a reevaluation of the established framework.,critical
The source code is publicly available on GitHub.,descriptive
These results highlight an overlooked aspect of prior research.,critical
This work offers a novel perspective on the underlying mechanism.,critical
The paper is organized as follows: Section 1 introduces...,descriptive
Figure 2 shows the workflow of the proposed approach.,descriptive
This study exposes limitations in widely adopted frameworks.,critical
The findings reveal a significant limitation in the current model.,critical
This result challenges previous assumptions in the literature.,critical
Our analysis suggests an alternative explanation.,critical
We utilized standard preprocessing techniques for text data.,descriptive
This study exposes limitations in widely adopted frameworks.,critical
The evidence supports a reevaluation of the established framework.,critical
Section 4 describes the evaluation metrics in detail.,descriptive
These results highlight an overlooked aspect of prior research.,critical
The findings reveal a significant limitation in the current model.,critical
"Our methodology consists of data collection, preprocessing, and evaluation.",descriptive
Our analysis reveals inconsistencies in the baseline results.,critical
This study exposes limitations in widely adopted frameworks.,critical
The participants completed a survey containing 20 questions.,descriptive
Figure 2 shows the workflow of the proposed approach.,descriptive
This exposes a bias in previous data handling.,critical
There is a noticeable shift from traditional interpretations.,critical
The system architecture is presented in Figure 3.,descriptive
The paper is organized as follows: Section 1 introduces...,descriptive
The interpretation presented deviates from mainstream understanding.,critical
This exposes a bias in previous data handling.,critical
The source code is publicly available on GitHub.,descriptive
We utilized standard preprocessing techniques for text data.,descriptive
"The results are presented as precision, recall, and F1-score.",descriptive
The source code is publicly available on GitHub.,descriptive
We used Python and Scikit-learn to implement the model.,descriptive
Our findings question the validity of previous experiments.,critical
A significant flaw in existing methodology is identified.,critical
"The results are presented as precision, recall, and F1-score.",descriptive
The findings reveal a significant limitation in the current model.,critical
We used Python and Scikit-learn to implement the model.,descriptive
We used Python and Scikit-learn to implement the model.,descriptive
The system architecture is presented in Figure 3.,descriptive
These results highlight an overlooked aspect of prior research.,critical
Section 4 describes the evaluation metrics in detail.,descriptive
This study exposes limitations in widely adopted frameworks.,critical
This study exposes limitations in widely adopted frameworks.,critical
The experiments were repeated five times for consistency.,descriptive
This contradicts prior findings by Smith et al.,critical
This study exposes limitations in widely adopted frameworks.,critical
"The results are presented as precision, recall, and F1-score.",descriptive
The system architecture is presented in Figure 3.,descriptive
Our analysis reveals inconsistencies in the baseline results.,critical
The paper is organized as follows: Section 1 introduces...,descriptive
The participants completed a survey containing 20 questions.,descriptive
The evidence supports a reevaluation of the established framework.,critical
The participants completed a survey containing 20 questions.,descriptive
Section 4 describes the evaluation metrics in detail.,descriptive
The implementation follows a commonly used pipeline.,descriptive
The system architecture is presented in Figure 3.,descriptive
The source code is publicly available on GitHub.,descriptive
We used Python and Scikit-learn to implement the model.,descriptive
The implementation follows a commonly used pipeline.,descriptive
This section outlines the methodology used in our experiments.,descriptive
An overview of the tools used is provided in Table 1.,descriptive
This insight was not addressed in prior work.,critical
The participants completed a survey containing 20 questions.,descriptive
Figure 2 shows the workflow of the proposed approach.,descriptive
All experiments were conducted on a standard hardware setup.,descriptive
This result challenges previous assumptions in the literature.,critical
Our findings question the validity of previous experiments.,critical
This result challenges previous assumptions in the literature.,critical
The authors surveyed existing literature on the subject.,descriptive
We utilized standard preprocessing techniques for text data.,descriptive
The system architecture is presented in Figure 3.,descriptive
This section outlines the methodology used in our experiments.,descriptive
An overview of the tools used is provided in Table 1.,descriptive
The participants completed a survey containing 20 questions.,descriptive
This confirms the need to revisit foundational assumptions.,critical
All experiments were conducted on a standard hardware setup.,descriptive
The paper is organized as follows: Section 1 introduces...,descriptive
We observed an unexpected trend contradicting earlier studies.,critical
This exposes a bias in previous data handling.,critical
Figure 2 shows the workflow of the proposed approach.,descriptive
We observed an unexpected trend contradicting earlier studies.,critical
The conclusion undermines earlier claims in the domain.,critical
The interpretation presented deviates from mainstream understanding.,critical
This contradicts prior findings by Smith et al.,critical
This insight was not addressed in prior work.,critical
This contradicts prior findings by Smith et al.,critical
We utilized standard preprocessing techniques for text data.,descriptive
Our findings question the validity of previous experiments.,critical
A significant flaw in existing methodology is identified.,critical
The participants completed a survey containing 20 questions.,descriptive
The evidence supports a reevaluation of the established framework.,critical
This study exposes limitations in widely adopted frameworks.,critical
The source code is publicly available on GitHub.,descriptive
We applied k-fold cross-validation to evaluate the model.,descriptive
The paper is organized as follows: Section 1 introduces...,descriptive
This insight was not addressed in prior work.,critical
The evidence supports a reevaluation of the established framework.,critical
This work offers a novel perspective on the underlying mechanism.,critical
These results indicate a need for more robust testing procedures.,critical
These results indicate a need for more robust testing procedures.,critical
The implementation follows a commonly used pipeline.,descriptive
The evidence supports a reevaluation of the established framework.,critical
Figure 2 shows the workflow of the proposed approach.,descriptive
This confirms the need to revisit foundational assumptions.,critical
The experiments were repeated five times for consistency.,descriptive
Our analysis reveals inconsistencies in the baseline results.,critical
This result challenges previous assumptions in the literature.,critical
This result challenges previous assumptions in the literature.,critical
The interpretation presented deviates from mainstream understanding.,critical
We found gaps in the logic of existing approaches.,critical
The conclusion undermines earlier claims in the domain.,critical
"The results are presented as precision, recall, and F1-score.",descriptive
The implementation follows a commonly used pipeline.,descriptive
The paper is organized as follows: Section 1 introduces...,descriptive
All experiments were conducted on a standard hardware setup.,descriptive
All experiments were conducted on a standard hardware setup.,descriptive
"Our methodology consists of data collection, preprocessing, and evaluation.",descriptive
The paper is organized as follows: Section 1 introduces...,descriptive
We used Python and Scikit-learn to implement the model.,descriptive
These results highlight an overlooked aspect of prior research.,critical
The system architecture is presented in Figure 3.,descriptive
We observed an unexpected trend contradicting earlier studies.,critical
"The results are presented as precision, recall, and F1-score.",descriptive
Our analysis reveals inconsistencies in the baseline results.,critical
A significant flaw in existing methodology is identified.,critical
The experiments were repeated five times for consistency.,descriptive
We summarize related works in the next section.,descriptive
The authors surveyed existing literature on the subject.,descriptive
The system architecture is presented in Figure 3.,descriptive
This section outlines the methodology used in our experiments.,descriptive
The findings reveal a significant limitation in the current model.,critical
Section 4 describes the evaluation metrics in detail.,descriptive
"The results are presented as precision, recall, and F1-score.",descriptive
These results highlight an overlooked aspect of prior research.,critical
We found gaps in the logic of existing approaches.,critical
This study exposes limitations in widely adopted frameworks.,critical
Our analysis suggests an alternative explanation.,critical
The system architecture is presented in Figure 3.,descriptive
The authors surveyed existing literature on the subject.,descriptive
This contradicts prior findings by Smith et al.,critical
This work offers a novel perspective on the underlying mechanism.,critical
"Our methodology consists of data collection, preprocessing, and evaluation.",descriptive
"The results are presented as precision, recall, and F1-score.",descriptive
There is a noticeable shift from traditional interpretations.,critical
The study analyzes 100 articles published between 2010 and 2020.,descriptive
We used Python and Scikit-learn to implement the model.,descriptive
The participants completed a survey containing 20 questions.,descriptive
We observed an unexpected trend contradicting earlier studies.,critical
The authors surveyed existing literature on the subject.,descriptive
The conclusion undermines earlier claims in the domain.,critical
Section 4 describes the evaluation metrics in detail.,descriptive
The conclusion undermines earlier claims in the domain.,critical
The system architecture is presented in Figure 3.,descriptive
A significant flaw in existing methodology is identified.,critical
This study exposes limitations in widely adopted frameworks.,critical
This result challenges previous assumptions in the literature.,critical
The system architecture is presented in Figure 3.,descriptive
The evidence supports a reevaluation of the established framework.,critical
The conclusion undermines earlier claims in the domain.,critical
This insight was not addressed in prior work.,critical
The system architecture is presented in Figure 3.,descriptive
The paper is organized as follows: Section 1 introduces...,descriptive
Our findings question the validity of previous experiments.,critical
The conclusion undermines earlier claims in the domain.,critical
This exposes a bias in previous data handling.,critical
This work offers a novel perspective on the underlying mechanism.,critical
These results highlight an overlooked aspect of prior research.,critical
The experiments were repeated five times for consistency.,descriptive
The study analyzes 100 articles published between 2010 and 2020.,descriptive
This exposes a bias in previous data handling.,critical
The paper is organized as follows: Section 1 introduces...,descriptive
The implementation follows a commonly used pipeline.,descriptive
This result challenges previous assumptions in the literature.,critical
We summarize related works in the next section.,descriptive
We observed an unexpected trend contradicting earlier studies.,critical
This section outlines the methodology used in our experiments.,descriptive
We utilized standard preprocessing techniques for text data.,descriptive
The source code is publicly available on GitHub.,descriptive
These results indicate a need for more robust testing procedures.,critical
This result challenges previous assumptions in the literature.,critical
These results highlight an overlooked aspect of prior research.,critical
The implementation follows a commonly used pipeline.,descriptive
This exposes a bias in previous data handling.,critical
This confirms the need to revisit foundational assumptions.,critical
The findings reveal a significant limitation in the current model.,critical
Figure 2 shows the workflow of the proposed approach.,descriptive
The dataset includes text from open access repositories.,descriptive
The authors surveyed existing literature on the subject.,descriptive
We utilized standard preprocessing techniques for text data.,descriptive
Our analysis suggests an alternative explanation.,critical
This result challenges previous assumptions in the literature.,critical
These results indicate a need for more robust testing procedures.,critical
